"group","number","sum","mean","SD","SE","significance","pvalue"
"setosa",5,16.4,3.28,0.2588,0.1158,"c",8.43575459102757e-11
"versicolor",5,6.6,1.32,0.2168,0.097,"b",8.43575459102757e-11
"virginica",5,1.2,0.24,0.114,0.051,"a",8.43575459102757e-11
